{"ES":1,"LS":0.27813382929889485,"gen_loss":0.13645667728269473,"_wandb":{"runtime":6257},"_timestamp":1.7394403316115868e+09,"GS":0.9544061574852094,"loc_loss":0.12215672107413411,"_step":354,"_runtime":6257.26385901}