{"_wandb":{"runtime":500},"_step":36,"ES":0.99951171875,"GS":0.9553385421168059,"LS":0.271156179587706,"_timestamp":1.7400555298329206e+09,"_runtime":500.067010136}