{"_runtime":6440.44544266,"_timestamp":1.7394802796948767e+09,"loc_loss":0.1036164783872664,"ES":1,"LS":0.24141654450795613,"gen_loss":0.16534473234787583,"_wandb":{"runtime":6442},"_step":354,"GS":0.9650041857385077}